<?xml version="1.0" encoding="utf-8"?>
<servers>
    <server type="xcloud">
        <zk_server>172.16.12.9:18397,172.16.12.4:18398</zk_server>
        <zk_znode>/XCLOUD/NODESTATE/NODELIST_FRESH</zk_znode>
        <uport>19851</uport>
        <sport>12345</sport>
        <upstream>xcloud</upstream>
    </server>

    <server type="memory">
        <zk_server>172.16.12.126:63556,172.16.12.127:63556,172.16.12.125:63556</zk_server>
        <zk_znode>/PROCEDURE/nginx_id_1056/executors</zk_znode>
        <uport>32431</uport>
        <sport>13245</sport>
        <upstream>memory</upstream>
    </server>
</servers>
